timestamp,total_kwh,total_kw,production_units,tariff_rate_rs,power_factor,shift,idle_kw
2026-01-01 00:00:00,12.4,45.0,100,8.5,0.91,A,8.5
2026-01-01 06:00:00,26.5,80.0,120,8.5,0.9,A,12.0
2026-01-01 12:00:00,40.9,110.0,150,7.5,0.88,B,18.0
2026-01-01 18:00:00,31.0,96.0,140,7.5,0.87,B,16.0
2026-01-02 00:00:00,13.0,48.0,110,8.5,0.94,C,9.0
2026-01-02 06:00:00,24.0,78.0,130,8.5,0.91,C,11.0
2026-01-02 12:00:00,44.0,120.0,160,7.5,0.86,B,20.0
2026-01-02 18:00:00,28.5,90.5,145,7.5,0.88,B,14.0
2026-01-03 00:00:00,12.0,46.0,115,8.5,0.92,A,8.0
2026-01-03 06:00:00,25.0,79.0,128,8.5,0.89,A,10.5
2026-01-03 12:00:00,42.5,116.0,155,7.5,0.85,B,19.0
2026-01-03 18:00:00,30.1,95.0,150,7.5,0.87,B,15.0
2026-01-04 00:00:00,13.8,49.0,116,8.5,0.93,C,9.8
2026-01-04 06:00:00,24.8,81.0,132,8.5,0.9,C,11.8
2026-01-04 12:00:00,43.2,117.0,158,7.5,0.84,B,20.5
2026-01-04 18:00:00,29.8,94.5,149,7.5,0.88,B,15.4
